Squeezing [dB],Operators,Bipartition ID,Bipartition 1,Bipartition 2
4.771212547196625,"('n_x_0', 'n_p_0-n_p_2')",600,"[1, 4, 5, 7, 10]","[2, 3, 6, 8, 9, 11, 12, 13, 14, 15, 16]"
4.771212547196625,"('n_x_0', 'n_p_0-n_p_2')",601,"[2, 4, 5, 7, 10]","[1, 3, 6, 8, 9, 11, 12, 13, 14, 15, 16]"
4.771212547196625,"('n_x_0', 'n_p_0')",602,"[1, 2, 4, 5, 7, 10]","[3, 6, 8, 9, 11, 12, 13, 14, 15, 16]"
